tissue_number,species,project,aluminum_band,color_band,color_ba_1,color_ba_2,sex,age,date_banded,year,plot,habitat,closest.pine,distance,POP,longitude_,latitude__,gps_certai,distance_t,pine_plot,pedigree_i,bled,blood_hema,blood_plas,blood_whol,feather_,slide,freezer_st,freezer__1,freezer__2,freezer__3,dry_storag,dry_stor_1,dry_stor_2,bill_depth,bill_lengt,bill_len_1,bill_width,mass,tarsus1,tarsus2,wing_left,wing_right,tail,notes,banders
F11-088,ISSJ,ISSJ,1783-24865,UGB,AO,"UGB,AO",M,AHY,10/24/2011,2011,SZ Off-plot,Oak,China,3665.500232,E-O,262474,3769479,Trap Setup,3666,NA,NA,Yes,No,No,Yes,Yes,No,blood_lysis buffer,CSU_Funk Freezer_1_W_11,NA,NA,NA,NA,NA,10.51,34.34,25.58,8.89,128,47.02,NA,NA,138,157.5,PESOLA; WITH UB FEMALE; REMEMBERED PEANUTS FROM LAST YEAR; MIST NET,KL
F11-090,ISSJ,ISSJ,1713-24902,OGW,AO,"OGW,AO",M,AHY,10/26/2011,2011,SZ Off-plot,Oak,China,3333.0979,E-O,261775,3769723,Trap Setup,3333,NA,NA,Yes,No,No,Yes,Yes,No,blood_lysis buffer,CSU_Funk Freezer_1_W_11,NA,NA,NA,NA,NA,10.17,33.29,24.74,9.23,120,45.89,NA,NA,140,161,PESOLA; MIST NET; PAIRED WITH RBW/AO,KL
F11-093,ISSJ,ISSJ,1703-24635,OBO,AO,"OBO,AO",M,AHY,10/26/2011,2011,SZ Off-plot,Oak,China,3211.905293,E-O,261686,3769640,Trap Setup,3212,NA,NA,Yes,No,No,Yes,Yes,NA,blood_lysis buffer,CSU_Funk Freezer_1_W_12,NA,NA,NA,NA,NA,9.85,32.9,24.46,9.43,122,47.34,NA,NA,139.5,156.5,PESOLA; HAS UB FEMALE,KL
F11-095,ISSJ,ISSJ,1783-24868,WGU,AO,"WGU,AO",M,AHY,10/26/2011,2011,SZ Off-plot,Oak,China,3190.742878,E-O,261553,3769725,Trap Setup,3191,NA,NA,Yes,No,No,Yes,Yes,No,blood_lysis buffer,CSU_Funk Freezer_1_W_11,NA,NA,NA,NA,NA,10.21,34.06,25.51,9.19,124,47.36,NA,NA,137,151,PESOLA; POSSIBLY TERRITORIAL MALE,KL
F09-105,ISSJ,ISSJ,1363-74583,UGU,AU,"UGU,AU",M,AHY,10/31/2009,2009,SZ Off-plot,Oak,China,1808.054451,E-O,256142,3764580,Trap Setup,1808,NA,NA,Yes,Yes,Yes,Yes,Yes,Yes,blood_lysis buffer,CSU_Funk Freezer_1_W_3,NA,NA,NA,NA,NA,10.11,34,25,9.42,117.99,47.01,47.03,NA,137,149,LOWER MANDIBLE LONGER THAN UPPER,KL
F09-136,ISSJ,ISSJ,1583-92720,OOK,AU,"OOK,AU",?,AHY,11/13/2009,2009,SZ Off-plot,Oak,China,785.7548394,E-O,257274,3764808,Trap Setup,786,NA,NA,Yes,No,No,Yes,Yes,Yes,blood_lysis buffer,CSU_Funk Freezer_1_W_3,NA,NA,NA,NA,NA,10.7,35.02,25.6,9.74,123.14,47.71,47.84,NA,143.5,156,NA,KL
F11-071,ISSJ,ISSJ,1783-24856,GPG,AU,"GPG,AU",?,AHY,10/13/2011,2011,SZ Off-plot,Oak,China,2655.959666,E-O,255117,3766550,Trap Setup,2656,NA,NA,Yes,No,No,Yes,Yes,Yes,blood_lysis buffer,CSU_Funk Freezer_1_W_10,NA,NA,NA,NA,NA,10.06,34.21,26.29,9.02,125.96,48.32,NA,NA,141,163.5,SEEMED TO BE TERRITORIAL MALE,KL
F11-072,ISSJ,ISSJ,1783-24857,PRP,AU,"PRP,AU",?,AHY,10/13/2011,2011,SZ Off-plot,Oak,China,2655.959666,E-O,255117,3766550,Trap Setup,2656,NA,NA,Yes,No,No,Yes,Yes,Yes,blood_lysis buffer,CSU_Funk Freezer_1_W_10,NA,NA,NA,NA,NA,9.75,35.09,26.15,9.15,120.44,47.69,NA,NA,136,158,NA,KL
F11-142,ISSJ,ISSJ,1783-24888,KOG,AU,"KOG,AU",M,AHY,11/28/2011,2011,SZ Off-plot,Oak,China,1672.700124,E-O,256173,3764802,Trap Setup,1673,NA,NA,Yes,No,No,Yes,Yes,Yes,blood_lysis buffer,CSU_Funk Freezer_1_W_11,NA,NA,NA,NA,NA,10.07,34.35,26.2,8.8,121.93,47.9,NA,NA,140,161,WITH UB FEMALE,KL
F11-146,ISSJ,ISSJ,1783-24891,YYK,AU,"YYK,AU",M,AHY,11/29/2011,2011,SZ Off-plot,Oak,China,1156.38104,E-O,256710,3764900,Trap Setup,1156,NA,NA,Yes,No,No,Yes,Yes,Yes,blood_lysis buffer,CSU_Funk Freezer_1_W_11,NA,NA,NA,NA,NA,10.23,35.12,26.23,8.79,114.06,47.68,NA,NA,138.5,155,PAIRED WITH RKW/AU,KL
F11-147,ISSJ,ISSJ,1783-24892,YRO,AU,"YRO,AU",M,AHY,11/29/2011,2011,SZ Off-plot,Oak,China,1769.985416,E-O,255936,3765092,Trap Setup,1770,NA,NA,Yes,No,No,Yes,Yes,Yes,blood_lysis buffer,CSU_Funk Freezer_1_W_11,NA,NA,NA,NA,NA,9.9,34.32,26.38,8.93,108.93,47.39,NA,NA,139,155,PAIRED WITH KBW/AU,KL
F11-150,ISSJ,ISSJ,1703-64648,WYG,AU,"WYG,AU",?,AHY,11/29/2011,2011,SZ Off-plot,Oak,China,1508.338391,E-O,256437,3764671,Trap Setup,1508,NA,NA,Yes,No,No,Yes,Yes,Yes,blood_lysis buffer,CSU_Funk Freezer_1_W_11,NA,NA,NA,NA,NA,10.03,33.67,26.22,8.86,119.43,46.77,NA,NA,137,152,APPEARED TO BE TERRITORIAL MALE,KL
F11-003,ISSJ,ISSJ,1783-24831,WOR,AK,"WOR,AK",?,AHY,9/13/2011,2011,SZ Off-plot,Oak,Christie,2858.505155,W-O,239639,3770774,Trap Setup,2859,NA,NA,Yes,No,No,Yes,Yes,No,blood_lysis buffer,CSU_Funk Freezer_1_W_10,NA,NA,NA,NA,NA,11.08,35.57,26.83,9.47,132,47.65,NA,NA,140,155,PESOLA; MIST NET,KL
F11-005,ISSJ,ISSJ,1783-24832,GOP,AK,"GOP,AK",?,AHY,9/13/2011,2011,SZ Off-plot,Oak,Christie,2873.296692,W-O,239644,3770789,Trap Setup,2873,NA,NA,Yes,No,No,Yes,Yes,No,blood_lysis buffer,CSU_Funk Freezer_1_W_10,NA,NA,NA,NA,NA,10.59,33.6,25.12,9.43,134,46.44,NA,NA,141,160,PESOLA; MIST NET,KL
F11-006,ISSJ,ISSJ,1783-24833,KOR,AK,"KOR,AK",M,AHY,9/13/2011,2011,SZ Off-plot,Oak,Christie,2881.516458,W-O,239579,3770794,Trap Setup,2882,NA,NA,Yes,No,No,Yes,Yes,No,blood_lysis buffer,CSU_Funk Freezer_1_W_10,NA,NA,NA,NA,NA,10.52,34.29,26.34,9.28,124,47.35,NA,NA,139,153,PESOLA,KL
F09-091,ISSJ,ISSJ,1363-74577,UBK,AK,"UBK,AK",M,AHY,10/24/2009,2009,SZ Off-plot,Oak,Christie,1763.542189,W-O,241059,3769305,Trap Setup,1764,NA,NA,Yes,Yes,Yes,Yes,Yes,Yes,blood_lysis buffer,CSU_Funk Freezer_1_W_3,NA,NA,NA,NA,NA,10.52,35.53,26.64,9.71,121.15,47.13,47.26,NA,139,NA,NA,KL
F09-100,ISSJ,ISSJ,1603-79347,WOO,AP,"WOO,AP",?,AHY,10/30/2009,2009,SZ PZ,Oak,Christie,3406.818736,W-O,245322,3766026,Trap Setup,3407,NA,NA,Yes,Yes,Yes,Yes,Yes,Yes,blood_lysis buffer,CSU_Funk Freezer_1_W_3,NA,NA,NA,NA,NA,10.58,32.79,25.51,9.3,NA,47.42,47.74,NA,138,151,SMALL PATCH OF MISSING FEATHERS ON HEAD; SCALE NOT WORKING,KL
F09-026,ISSJ,ISSJ,1833-00609,PYU,AP,"PYU,AP",?,AHY,9/21/2009,2009,SZ PZ,Oak,Christie,2943.908924,W-O,244864,3766118,Trap Setup,2944,NA,NA,Yes,Yes,Yes,Yes,Yes,Yes,blood_lysis buffer,CSU_Funk Freezer_1_W_2,NA,NA,NA,NA,NA,10.44,33.56,24.21,9.21,120.18,46.36,46.52,NA,132.5,NA,NA,KL
F09-039,ISSJ,ISSJ,1603-79330,OBP,AP,"OBP,AP",M,AHY,9/28/2009,2009,SZ PZ,Oak,Christie,3457.713009,W-O,245491,3766472,Trap Setup,3057,NA,NA,Yes,Yes,Yes,Yes,Yes,Yes,blood_lysis buffer,CSU_Funk Freezer_1_W_2,NA,NA,NA,NA,NA,10.44,33.96,25.26,9.11,118.39,47.17,47.3,NA,136.5,NA,NA,KL
F09-040,ISSJ,ISSJ,1363-74555,OKR,AP,"OKR,AP",?,AHY,9/28/2009,2009,SZ PZ,Oak,Christie,3457.713009,W-O,245491,3766472,Trap Setup,3057,NA,NA,Yes,Yes,Yes,Yes,Yes,Yes,blood_lysis buffer,CSU_Funk Freezer_1_W_2,NA,NA,NA,NA,NA,10.31,34.22,25.99,10,124.19,47.42,47.42,NA,137,NA,NA,KL
F09-053,ISSJ,ISSJ,1583-92704,WYW,AP,"WYW,AP",M,AHY,10/3/2009,2009,SZ PZ,Oak,Christie,3069.087073,W-O,245113,3766565,Trap Setup,3069,NA,NA,Yes,Yes,Yes,Yes,Yes,Yes,blood_lysis buffer,CSU_Funk Freezer_1_W_2,NA,NA,NA,NA,NA,10.35,36.02,26.13,9.16,122.52,47.51,47.52,NA,139,NA,NA,KL
F10-105,ISSJ,ISSJ,1603-78756,GYY,AB,"GYY,AB",M,AHY,10/29/2010,2010,SZ Off-plot,Oak,Christie,4009.6246,W-O,244769,3764120,Trap Setup,4010,NA,NA,Yes,Yes,Yes,Yes,Yes,Yes,blood_lysis buffer,CSU_Funk Freezer_1_W_6,NA,NA,NA,NA,NA,10.41,34.46,24.99,9.3,121.4,47.45,NA,NA,139,157,SEEMED TO BE PAIRED WITH OPK/AB,KL
F10-106,ISSJ,ISSJ,1783-24653,YWW,AB,"YWW,AB",?,AHY,10/29/2010,2010,SZ Off-plot,Oak,Christie,4665.715984,W-O,245009,3763463,Trap Setup,4666,NA,NA,Yes,Yes,Yes,Yes,Yes,Yes,blood_lysis buffer,CSU_Funk Freezer_1_W_6,NA,NA,NA,NA,NA,10.19,34.98,25.27,9.13,115.15,46.66,NA,NA,135,152,NA,KL
F10-119,ISSJ,ISSJ,1363-74542,BGP,AP,"BPG,AP",M,ASY,11/6/2010,2010,SZ PZ,Oak,Christie,2876.151172,W-O,244856,3766314,Trap Setup,2876,NA,NA,Yes,No,No,Yes,Yes,Yes,blood_lysis buffer,CSU_Funk Freezer_1_W_6,NA,NA,NA,NA,NA,10.43,32.82,24.59,9.34,125.36,47.29,NA,NA,141,160,NA,KL
F10-120,ISSJ,ISSJ,1833-00513,YYU,AP,"YYU,AP",M,ASY,11/6/2010,2010,SZ PZ,Oak,Christie,2871.197941,W-O,244852,3766318,Trap Setup,2871,NA,NA,Yes,Yes,Yes,Yes,Yes,Yes,blood_lysis buffer,CSU_Funk Freezer_1_W_6,NA,NA,NA,NA,NA,10.25,34.26,26.71,9.36,122.73,47.89,NA,NA,138,155.5,caught in mist-net; cross-bill (see photos); two bare patches back of head,KL
F10-126,ISSJ,ISSJ,1603-79270,KWW,AP,"KWW,AP",M,ASY,11/10/2010,2010,SZ PZ,Oak,Christie,3316.397407,W-O,245394,3766790,Trap Setup,2874,NA,NA,Yes,No,No,Yes,Yes,Yes,blood_lysis buffer,CSU_Funk Freezer_1_W_6,NA,NA,NA,NA,NA,10.25,35.3,26.78,9.25,119.5,46.34,NA,NA,137.5,155,replaced white bands; caught in mist-net,KL
F10-170,ISSJ,ISSJ,1363-74502,GOW,AP,"GOW,AP",M,ASY,12/1/2010,2010,SZ PZ,Oak,Christie,3212.880502,W-O,245178.9116,3766218.506,Estimate,3213,NA,NA,Yes,No,No,Yes,Yes,Yes,blood_lysis buffer,CSU_Funk Freezer_1_W_6,NA,NA,NA,NA,NA,10.41,34.23,24.89,9.57,127.02,46.54,NA,NA,138,NA,mist net; bands look good,KL
F10-172,ISSJ,ISSJ,1603-79171,WGG,AP,"WGG,AP",M,ASY,12/1/2010,2010,SZ PZ,Oak,Christie,3128.648948,W-O,245111,3766288,Trap Setup,3129,NA,NA,Yes,No,No,Yes,Yes,Yes,blood_lysis buffer,CSU_Funk Freezer_1_W_6,NA,NA,NA,NA,NA,10.22,32.95,25.35,9.13,123.1,46.74,NA,NA,141,158.5,mist net; W/AP when caught (re-banded original combo WGG/AP),KL
F10-175,ISSJ,ISSJ,1783-24679,YPW,AP,"YPW,AP",M,AHY,12/1/2010,2010,SZ PZ,Oak,Christie,3130.14228,W-O,245112,3766286,Trap Setup,3130,NA,NA,Yes,No,No,Yes,Yes,No,blood_lysis buffer,CSU_Funk Freezer_1_W_6,NA,NA,NA,NA,NA,10.39,33.3,25.4,9.13,116.47,46.58,NA,NA,139.5,157,MIST NET; POSSIBLY TERRITORIAL IN AREA FORMERLY USED BY RAIDERS PAIR (PAIRED WITH PRU/AP?),KL
F10-060,ISSJ,ISSJ,1783-24639,PUY,AP,"PUY,AP",M,AHY,10/10/2010,2010,SZ Off-plot,Oak,Christie,1294.351831,W-O,243378,3766955,Trap Setup,1294,NA,NA,Yes,No,No,Yes,Yes,No,blood_lysis buffer,CSU_Funk Freezer_1_W_5,NA,NA,NA,NA,NA,10.37,34.13,25.52,9.7,119.76,47.51,NA,NA,136,NA,probably male of territorial pair,KL
F11-007,ISSJ,ISSJ,1703-64614,PPB,AK,"PPB,AK",M,AHY,9/14/2011,2011,SZ Off-plot,Oak,Christie,3148.2669,W-O,243910,3769860,Trap Setup,2495,NA,NA,Yes,No,No,Yes,Yes,No,blood_lysis buffer,CSU_Funk Freezer_1_W_10,NA,NA,NA,NA,NA,10.32,34.86,25.91,9.28,126,48.1,NA,NA,139,157.5,PESOLA; HAD FEMALE WITH HIM,KL
F11-009,ISSJ,ISSJ,1783-24834,NA,AK,"-,AK",M,AHY,9/14/2011,2011,SZ Off-plot,Oak,Christie,3257.652103,W-O,243783,3770077,Trap Setup,2558,NA,NA,Yes,No,No,Yes,Yes,No,blood_lysis buffer,CSU_Funk Freezer_1_W_10,NA,NA,NA,NA,NA,10.84,34.84,26.17,9.17,NA,46.47,NA,NA,141.5,156,"MIST NET; HELICOPTER ARRIVAL IMMINENT SO DIDN'T FULLY BAND, ETC.",KL
F11-018,ISSJ,ISSJ,1703-64617,WRG,AP,"WRG,AP",M,AHY,9/26/2011,2011,SZ Off-plot,Oak,Christie,2176.839991,W-O,244198,3766558,Trap Setup,2177,NA,NA,Yes,No,No,Yes,Yes,Yes,blood_lysis buffer,CSU_Funk Freezer_1_W_10,NA,NA,NA,NA,NA,10.53,33.82,26.03,9.11,123.66,47.32,NA,NA,141,159,MIST NET; WITH UB FEMALE,KL
F11-021,ISSJ,ISSJ,1703-64618,GWW,AP,"GWW,AP",M,AHY,9/26/2011,2011,SZ Off-plot,Oak,Christie,1320.036704,W-O,243404,3766956,Trap Setup,1320,NA,NA,Yes,No,No,Yes,Yes,Yes,blood_lysis buffer,CSU_Funk Freezer_1_W_10,NA,NA,NA,NA,NA,10.17,33.26,24.93,8.95,119.23,47.25,NA,NA,140,158,WITH UB FEMALE,KL
F11-050,ISSJ,ISSJ,1783-24845,GGP,AP,"GGP,AP",M,AHY,9/30/2011,2011,SZ PZ,Oak,Christie,3217.923399,W-O,245109,3765990,Trap Setup,3218,NA,NA,Yes,No,No,Yes,Yes,Yes,blood_lysis buffer,CSU_Funk Freezer_1_W_10,NA,NA,NA,NA,NA,10.28,35.04,26.52,9,120.05,47.19,NA,NA,139.5,161,MIST NET; APPEARS TO HAVE NEIGHBOURING TERRITORY TO GUINNESS,KL
F11-081,ISSJ,ISSJ,1783-24862,RWK,AB,"RWK,AB",M,AHY,10/16/2011,2011,SZ Off-plot,Oak,Christie,3903.857949,W-O,244986,3764486,Trap Setup,3904,NA,NA,Yes,No,No,Yes,Yes,Yes,blood_lysis buffer,CSU_Funk Freezer_1_W_10,NA,NA,NA,NA,NA,10,33.9,25.58,9.04,128.35,47,NA,NA,139.5,158,MIST NET; SEEMED TO BE PAIRED WITH KKP/AB,KL
F11-085,ISSJ,ISSJ,1603-79372,AP,KWK,"AP,KWK",?,SY,10/16/2011,2011,SZ Off-plot,Oak,Christie,2776.189714,W-O,244545,3765808,Trap Setup,2776,NA,NA,Yes,No,No,Yes,Yes,Yes,blood_lysis buffer,CSU_Funk Freezer_1_W_11,NA,NA,NA,NA,NA,10.32,33.66,25.25,9.03,118.7,46.89,NA,NA,139,159,NA,KL
F11-115,ISSJ,ISSJ,1783-24880,UUG,AP,"UUG,AP",M,AHY,11/7/2011,2011,SZ PZ,Oak,Christie,1106.212678,W-O,243199,3767071,Trap Setup,1106,NA,NA,Yes,No,No,Yes,Yes,Yes,blood_lysis buffer,CSU_Funk Freezer_1_W_11,NA,NA,NA,NA,NA,10.55,34.46,26.44,8.94,123.33,47.14,NA,NA,140,160,PAIRED WITH YWK/AP,KL
F11-154,ISSJ,ISSJ,1833-00687,RUY,AP,"RUY,AP",M,ASY,12/2/2011,2011,SZ PZ,Oak,Christie,3320.784263,W-O,245395,3766757,Trap Setup,2898,NA,NA,Yes,No,No,Yes,Yes,Yes,blood_lysis buffer,CSU_Funk Freezer_1_W_11,NA,NA,NA,NA,NA,9.84,31.84,24.57,9.04,122.09,46.94,NA,NA,136.5,156,MIST NET; REPLACED ALL COLOUR BANDS,KL
F11-156,ISSJ,ISSJ,1783-24895,PRY,AP,"PRY,AP",M,AHY,12/2/2011,2011,SZ PZ,Oak,Christie,3233.568158,W-O,245309,3766773,Trap Setup,2944,NA,NA,Yes,No,No,Yes,Yes,Yes,blood_lysis buffer,CSU_Funk Freezer_1_W_11,NA,NA,NA,NA,NA,10.11,33.55,25.5,9.33,120.05,48.03,NA,NA,138,NA,NA,KL
F09-111,ISSJ,ISSJ,1603-79352,RBY,AW,"RBY,AW",?,AHY,11/3/2009,2009,SZ Off-plot,Oak,Christie,2230.747538,W-O,235116,3768272,Trap Setup,1594,NA,NA,Yes,No,No,Yes,Yes,NA,blood_lysis buffer,CSU_Funk Freezer_1_W_3,NA,NA,NA,NA,NA,10.26,32.71,24.37,9.58,123.08,48.15,48.01,NA,132,147,NA,KL
F09-033,ISSJ,ISSJ,1603-79326,YWU,AW,"YWU,AW",M,AHY,9/25/2009,2009,SZ Off-plot,Oak,Christie,2300.234356,W-O,234951,3768097,Trap Setup,1381,NA,NA,Yes,No,No,Yes,Yes,NA,blood_lysis buffer,CSU_Funk Freezer_1_W_2,NA,NA,NA,NA,NA,10.55,31.33,24.06,9.48,124.48,46.38,46.47,NA,140.5,NA,NA,KL
F09-036,ISSJ,ISSJ,1363-74553,BOK,AW,"BOK,AW",M,AHY,9/27/2009,2009,SZ Off-plot,Oak,Christie,893.4390761,W-O,236262,3767580,Trap Setup,893,NA,NA,Yes,No,No,Yes,Yes,NA,blood_lysis buffer,CSU_Funk Freezer_1_W_2,NA,NA,NA,NA,NA,10.37,34.07,24.83,9.08,116.6,46.39,46.35,NA,137,NA,"WINDY SO WEIGHT TO 0.1G; BACCHARUS/FENNEL HABITAT; WBU/AW RATTLED AT THIS BIRD AND ONLY 2 AROUND, SO PROBABLY MALE; ADDITIONAL NOTE: BOK LATER SEEN AT SAME SPOT ~2 WKS LATER",KL
F11-065,ISSJ,ISSJ,1703-64630,KRB,AW,"KRB,AW",M,AHY,10/9/2011,2011,SZ Off-plot,Oak,Christie,991.4275509,W-O,236274,3767782,Trap Setup,991,NA,NA,Yes,No,No,Yes,Yes,Yes,blood_lysis buffer,CSU_Funk Freezer_1_W_10,NA,NA,NA,NA,NA,10.32,34.08,25.8,9.27,123.12,47.64,NA,NA,139,157,TERRITORIAL MALE WITH UB BIRD,KL
F10-149,ISSJ,ISSJ,1783-24673,RYU,AB,"RYU,AB",?,AHY,11/22/2010,2010,SZ Off-plot,Oak,Christie,4805.806477,W-O,245051,3763315,Trap Setup,4806,NA,NA,Yes,No,No,Yes,Yes,No,blood_lysis buffer,CSU_Funk Freezer_1_W_6,NA,NA,NA,NA,NA,10.21,35.5,26.45,8.97,116.5,47.18,NA,NA,141.5,159,NA,KL
F10-150,ISSJ,ISSJ,1783-24674,PPP,AB,"PPP,AB",?,AHY,11/22/2010,2010,SZ Off-plot,Oak,Christie,4805.064003,W-O,245051,3763316,Trap Setup,4805,NA,NA,Yes,No,No,Yes,Yes,Yes,blood_lysis buffer,CSU_Funk Freezer_1_W_6,NA,NA,NA,NA,NA,10.27,33.26,24.64,9.42,120.44,45.73,NA,NA,139,159,NA,KL
F10-152,ISSJ,ISSJ,1783-24675,PWB,AB,"PWB,AB",?,AHY,11/22/2010,2010,SZ Off-plot,Oak,Christie,4808.704029,W-O,245052,3763312,Trap Setup,4809,NA,NA,Yes,No,No,Yes,Yes,No,blood_lysis buffer,CSU_Funk Freezer_1_W_6,NA,NA,NA,NA,NA,10.37,34.47,26.47,9.4,125.62,47.06,NA,NA,136.5,151,super hooked bill,KL
F11-068,ISSJ,ISSJ,1783-24855,PUB,AW,"PUB,AW",?,AHY,10/10/2011,2011,SZ Off-plot,Oak,Christie,460.6229197,W-O,241204,3766130,Trap Setup,461,NA,NA,Yes,No,No,Yes,Yes,Yes,blood_lysis buffer,CSU_Funk Freezer_1_W_10,NA,NA,NA,NA,NA,10.31,33.55,25.01,9.48,116.82,46.21,NA,NA,135.5,158,APPEARED TO BE MALE OF TERRITORIAL PAIR,KL
F10-082,ISSJ,ISSJ,1783-24645,PPU,AW,"PPU,AW",?,AHY,10/19/2010,2010,SZ Off-plot,Oak,Christie,609.0547345,W-O,241242,3765898,Trap Setup,609,NA,NA,Yes,Yes,Yes,Yes,Yes,Yes,blood_lysis buffer,CSU_Funk Freezer_1_W_5,NA,NA,NA,NA,NA,10.7,35.08,25.8,9.31,123.65,48.39,NA,NA,139.5,NA,PROBABLY TERRITORIAL MALE,KL
F11-083,ISSJ,ISSJ,1783-24863,WRK,AB,"WRK,AB",?,AHY,10/16/2011,2011,SZ Off-plot,Oak,Christie,4178.540678,W-O,243795,3763107,Trap Setup,4029,NA,NA,Yes,No,No,Yes,Yes,Yes,blood_lysis buffer,CSU_Funk Freezer_1_W_11,NA,NA,NA,NA,NA,10.28,32.99,23.94,9.38,122.37,45.69,NA,NA,138,158,NA,KL
F09-011,ISSJ,ISSJ,1583-92701,WOU,AY,"WOU,AY",M,AHY,9/13/2009,2009,SZ CPC,Oak,Pelican,4952.424284,C-O,248452.15,3762720.18,Estimate,4740,NA,NA,Yes,Yes,Yes,Yes,Yes,NA,blood_lysis buffer,CSU_Funk Freezer_1_W_2,NA,NA,NA,NA,NA,NA,NA,NA,NA,115.24,NA,NA,NA,140.5,NA,CALIPERS NOT WORKING BECAUSE OF MIST,KL
F09-118,ISSJ,ISSJ,1583-92718,GUB,AR,"GUB,AR",M,AHY,11/6/2009,2009,SZ Off-plot,Oak,Pelican,2775.681608,C-O,249179,3764772,Trap Setup,2572,NA,NA,Yes,Yes,Yes,Yes,Yes,Yes,blood_lysis buffer,CSU_Funk Freezer_1_W_3,NA,NA,NA,NA,NA,11,33.95,25.32,9.43,124.15,49.26,49.35,NA,140,154.5,SEEMED TO BE TERRITORIAL MALE NEAR POOL,KL
F09-119,ISSJ,ISSJ,1363-74588,ROG,AR,"ROG,AR",?,AHY,11/6/2009,2009,SZ Off-plot,Oak,Pelican,2726.162551,C-O,249172,3764827,Trap Setup,2526,NA,NA,Yes,Yes,Yes,Yes,Yes,Yes,blood_lysis buffer,CSU_Funk Freezer_1_W_3,NA,NA,NA,NA,NA,10.5,34,25.32,9.23,114.44,46.38,46.22,NA,137.5,151,NA,KL
F09-124,ISSJ,ISSJ,1603-79145,GUU,AY,"GUU,AY",M,ASY,11/8/2009,2009,SZ CPC,Oak,Pelican,5021.366671,C-O,248043,3762809,Trap Setup,4838,NA,NA,Yes,Yes,Yes,Yes,Yes,Yes,blood_lysis buffer,CSU_Funk Freezer_1_W_3,NA,NA,NA,NA,NA,9.83,35.55,26.26,9.05,116.5,48.25,48.38,NA,137,152,LIKELY TERRITORIAL; WOULD NOT BITE ON DOWEL FOR BILL PHOTOS,KL
F09-045,ISSJ,ISSJ,1363-74559,WGP,AY,"WGP,AY",M,AHY,9/29/2009,2009,SZ CPC,Oak,Pelican,5153.502885,C-O,248442,3762511,Trap Setup,4936,NA,NA,Yes,Yes,Yes,Yes,Yes,Yes,blood_lysis buffer,CSU_Funk Freezer_1_W_2,NA,NA,NA,NA,NA,10.2,31.66,22.6,8.93,116.98,47.72,47.63,NA,141,NA,NA,KL
F09-046,ISSJ,ISSJ,1793-17824,UGG,AY,"UGG,AY",M,SY,9/29/2009,2009,SZ CPC,Oak,Pelican,5139.600492,C-O,248444,3762525,Trap Setup,4923,NA,NA,Yes,Yes,Yes,Yes,Yes,Yes,blood_lysis buffer,CSU_Funk Freezer_1_W_2,NA,NA,NA,NA,NA,10.38,35.22,25.78,9.42,115.65,46.91,46.97,NA,139,NA,extensive injury to back of head due to pecking/dominance interactions (dime size),KL
F09-048,ISSJ,ISSJ,1363-74560,BOG,AY,"BOG,AY",?,AHY,9/29/2009,2009,SZ CPC,Oak,Pelican,5160.48398,C-O,248435,3762506,Trap Setup,4944,NA,NA,Yes,No,No,Yes,Yes,NA,blood_lysis buffer,CSU_Funk Freezer_1_W_2,NA,NA,NA,NA,NA,10.56,35.52,25.79,9.19,118.1,47.57,47.69,NA,135,NA,NA,KL
F09-093,ISSJ,ISSJ,1603-79218,UUB,ARB,"UUB,ARB",M,SY,10/28/2009,2009,SZ FS,Oak,Pelican,2885.169859,C-O,248577,3764938,Trap Setup,2761,NA,NA,Yes,Yes,Yes,Yes,Yes,Yes,blood_lysis buffer,CSU_Funk Freezer_1_W_3,NA,NA,NA,NA,NA,10.03,33.28,25.79,8.99,117.03,46.65,46.58,NA,136,NA,REPLACED BLUE BANDS BECAUSE HIS WERE NARROW KIND,KL
F09-096,ISSJ,ISSJ,1363-74580,BUK,AY,"BUK,AY",M,AHY,10/29/2009,2009,SZ CPC,Oak,Pelican,5161.468374,C-O,248185,3762597,Trap Setup,4963,NA,NA,Yes,No,No,Yes,Yes,NA,blood_lysis buffer,CSU_Funk Freezer_1_W_3,NA,NA,NA,NA,NA,9.93,33.04,24.52,9.5,NA,48.53,48.37,NA,137,NA,SCALE NOT WORKING; COLLECTED R6 FROM LEFT,KL
F10-161,ISSJ,ISSJ,1603-79142,GOB,AY,"GOB,AY",M,ASY,11/29/2010,2010,SZ CPC,Oak,Pelican,4902.339933,C-O,248197,3762872,Trap Setup,4711,NA,NA,Yes,No,No,Yes,Yes,Yes,blood_lysis buffer,CSU_Funk Freezer_1_W_6,NA,NA,NA,NA,NA,9.81,32.96,24.15,8.96,111.63,45.26,NA,NA,134,154,MIST-NET; REPLACED ALL COLOUR BANDS,KL
F10-030,ISSJ,ISSJ,1783-24626,GBU,AY,"GBU,AY",?,AHY,9/29/2010,2010,SZ Off-plot,Oak,Pelican,3413.266523,C-O,249022,3764152,Trap Setup,3200,NA,NA,Yes,Yes,Yes,Yes,Yes,Yes,blood_lysis buffer,CSU_Funk Freezer_1_W_5,NA,NA,NA,NA,NA,10.45,33.31,25.08,9.53,111.8,47.19,NA,NA,138.5,NA,feathers new; yellow is a small band,KL
F10-042,ISSJ,ISSJ,1783-24631,UYB,AY,"UYB,AY",M,AHY,10/4/2010,2010,SZ Off-plot,Oak,Pelican,5652.99602,C-O,247989,3762146,Trap Setup,5454,NA,NA,Yes,Yes,Yes,Yes,Yes,Yes,blood_lysis buffer,CSU_Funk Freezer_1_W_5,NA,NA,NA,NA,NA,10.19,33.9,25.89,9.86,116.85,47.31,NA,NA,137,NA,probably male (looked like pair); caught in mist-net,KL
F10-044,ISSJ,ISSJ,1783-24632,RRK,AY,"RRK,AY",?,AHY,10/4/2010,2010,SZ Off-plot,Oak,Pelican,6248.805984,C-O,246790,3762086,Trap Setup,6098,NA,NA,Yes,Yes,Yes,Yes,Yes,Yes,blood_lysis buffer,CSU_Funk Freezer_1_W_5,NA,NA,NA,NA,NA,10.17,33.12,24.72,9.92,121.16,47.92,NA,NA,134,NA,NA,KL
F10-062,ISSJ,ISSJ,1603-79152,PYR,AY,"PYR,AY",M,ASY,10/12/2010,2010,SZ CPC,Oak,Pelican,4870.333471,C-O,248417,3762820,Trap Setup,4663,NA,NA,Yes,Yes,Yes,Yes,Yes,Yes,blood_lysis buffer,CSU_Funk Freezer_1_W_5,NA,NA,NA,NA,NA,10.07,33.35,25.02,9.58,121.69,47.58,NA,NA,137.5,NA,CAUGHT IN MIST-NET; REPLACED ALL BUT A AND R BANDS; BARE PATCH ON HEAD,KL
F10-064,ISSJ,ISSJ,1783-24640,UGP,AY,"UGP,AY",M,AHY,10/12/2010,2010,SZ CPC,Oak,Pelican,4869.394531,C-O,248417,3762821,Trap Setup,4662,NA,NA,Yes,Yes,Yes,Yes,Yes,Yes,blood_lysis buffer,CSU_Funk Freezer_1_W_5,NA,NA,NA,NA,NA,10.34,34.72,25.41,9.51,125.02,48.52,NA,NA,139,NA,bare patch back of head; caught in mist-net,KL
F10-089,ISSJ,ISSJ,1583-92717,GWY,AR,"GWY,AR",M,SY,10/21/2010,2010,SZ Off-plot,Oak,Pelican,2571.485169,C-O,249099.6,3765021,Location,2392,NA,NA,Yes,No,No,Yes,Yes,Yes,blood_lysis buffer,CSU_Funk Freezer_1_W_6,NA,NA,NA,NA,NA,NA,NA,NA,NA,123.92,NA,NA,NA,138,NA,CAUGHT IN MIST-NET,KL
F10-098,ISSJ,ISSJ,1783-24605,URK,AY,"URK,AY",M,AHY,10/28/2010,2010,SZ CPC,Oak,Pelican,5085.138085,C-O,248071,3762727,Trap Setup,4897,NA,NA,Yes,Yes,Yes,Yes,Yes,Yes,blood_lysis buffer,CSU_Funk Freezer_1_W_6,NA,NA,NA,NA,NA,10.23,32.61,24.57,9.38,119.89,47.02,NA,NA,138,NA,with unbanded rattling female; bare batch back of head,KL
F09-004,ISSJ,ISSJ,1603-79304,YUG,AR,"YUG,AR",M,AHY,9/8/2009,2009,SZ FS,Oak,Pelican,3329.992111,C-O,246850.42,3765770.44,Estimate,3162,NA,NA,Yes,Yes,Yes,Yes,Yes,NA,blood_lysis buffer,CSU_Funk Freezer_1_W_2,NA,NA,NA,NA,NA,10.54,34.66,26.31,9.54,128.33,47.39,47.69,NA,142,NA,NA,KL
F09-074,ISSJ,ISSJ,1583-92710,KBP,AR,"KPB,AR",?,AHY,10/16/2009,2009,SZ FS,Oak,Pelican,3261.337229,C-O,247451,3765213,Trap Setup,3092,NA,NA,Yes,Yes,Yes,Yes,Yes,Yes,blood_lysis buffer,CSU_Funk Freezer_1_W_2,NA,NA,NA,NA,NA,10.47,35.27,26.67,9.2,118.59,48.01,48.13,NA,139.5,NA,NA,KL
F10-012,ISSJ,ISSJ,1603-78741,OOG,AR,"OOG,AR",?,AHY,9/25/2010,2010,SZ FS,Oak,Pelican,3110.245406,C-O,247459,3765408,Trap Setup,2941,NA,NA,Yes,Yes,Yes,Yes,Yes,No,blood_lysis buffer,CSU_Funk Freezer_1_W_5,NA,NA,NA,NA,NA,10.11,NA,24.72,10.01,115.12,46.67,NA,NA,138,NA,breast molt; large bare patch on back of head and smaller one above bill; did not measure culmen because of bare skin,KL
F10-154,ISSJ,ISSJ,1603-78769,PB,OA,"PB,OA",M,ASY,11/24/2010,2010,SZ FS,Oak,Pelican,3006.931716,C-O,247688,3765347,Trap Setup,2839,NA,NA,Yes,Yes,Yes,Yes,Yes,Yes,blood_lysis buffer,CSU_Funk Freezer_1_W_6,NA,NA,NA,NA,NA,10.3,34.85,26.65,9.23,118.22,47.66,NA,NA,139,159,REPLACED ALL BANDS; CAUGHT IN MIST NET; ORANGE CLOACAL MITES; old aluminum band 1573-28085,KL
F10-156,ISSJ,ISSJ,1703-64680,AB,YG,"AB,YG",M,ASY,11/25/2010,2010,SZ FS,Oak,Pelican,3087.307521,C-O,247482,3765418,Trap Setup,2918,NA,NA,Yes,No,No,Yes,Yes,Yes,blood_lysis buffer,CSU_Funk Freezer_1_W_6,NA,NA,NA,NA,NA,10.84,34.33,26.15,9.31,126.2,48.25,NA,NA,142,164.5,"CAUGHT IN TRUCK!! (HE WENT IN CRACK OF ONE WINDOW, BUT THE REST WERE CLOSED SO WENT IN TRUCK AND GRABBED HIM WITH HANDS)",KL
F10-167,ISSJ,ISSJ,1363-74537,WPP,AR,"WPP,AR",M,SY,11/30/2010,2010,SZ FS,Oak,Pelican,3169.993393,C-O,246962,3765890,Trap Setup,3002,NA,NA,Yes,No,No,Yes,Yes,yes,blood_lysis buffer,CSU_Funk Freezer_1_W_6,NA,NA,NA,NA,NA,10.07,33.71,24.71,9.07,116.53,46.52,NA,NA,134,156.5,MIST NET; BANDS FINE,KL
F10-169,ISSJ,ISSJ,1363-74536,URO,AR,"URO,AR",M,ASY,11/30/2010,2010,SZ FS,Oak,Pelican,3169.993393,C-O,246962,3765890,Trap Setup,3002,NA,NA,Yes,No,No,Yes,Yes,Yes,blood_lysis buffer,CSU_Funk Freezer_1_W_6,NA,NA,NA,NA,NA,9.92,32.26,24.43,9.4,117.88,46.85,NA,NA,138,155.5,MIST NET; BANDS FINE,KL
F10-177,ISSJ,ISSJ,1603-79232,UUU,AR,"UUU,AR",M,ASY,12/2/2010,2010,SZ FS,Oak,Pelican,3225.742068,C-O,247160,3765548,Trap Setup,3056,NA,NA,Yes,No,No,Yes,Yes,Yes,blood_lysis buffer,CSU_Funk Freezer_1_W_6,NA,NA,NA,NA,NA,10.16,34,25.46,9.04,115.8,46.34,NA,NA,136,157,MIST NET; UUU/A WHEN CAUGHT WITH SMALL OLD BLUE BANDS; REPLACED ALL COLOUR BANDS; ORANGE MITES ON CLOACA,KL
F10-022,ISSJ,ISSJ,1363-74565,PBR,AR,"PBR,AR",?,SY,9/28/2010,2010,SZ FS,Oak,Pelican,3113.188333,C-O,247976,3765018,Trap Setup,2950,NA,NA,NA,Yes,Yes,Yes,Yes,Yes,blood_lysis buffer,CSU_Funk Freezer_1_W_5,NA,NA,NA,NA,NA,10.23,34.15,25.8,9.61,117.01,45.7,NA,NA,138,NA,bare patch back of head; caught in mist-net,KL
F10-025,ISSJ,ISSJ,1363-74563,YGW,AR,"YGW,AR",?,SY,9/28/2010,2010,SZ FS,Oak,Pelican,3114.559339,C-O,247975,3765017,Trap Setup,2951,NA,NA,NA,Yes,Yes,Yes,Yes,No,blood_lysis buffer,CSU_Funk Freezer_1_W_5,NA,NA,NA,NA,NA,10.48,33.95,25.77,9.64,115.78,46.76,NA,NA,138.5,NA,bare patch back of head; caught in mist-net,KL
F10-028,ISSJ,ISSJ,1833-00545,PGG,AR,"PGG,AR",M,SY,9/28/2010,2010,SZ FS,Oak,Pelican,3114.559339,C-O,247975,3765017,Trap Setup,2951,NA,NA,Yes,Yes,Yes,Yes,Yes,Yes,blood_lysis buffer,CSU_Funk Freezer_1_W_5,NA,NA,NA,NA,NA,10.27,32.64,24.32,9.21,121.01,46.11,NA,NA,136,NA,caught in mist-net,KL
F10-041,ISSJ,ISSJ,1603-78743,AB,WY,"AB,WY",M,ASY,10/1/2010,2010,SZ FS,Oak,Pelican,3252.110491,C-O,247222,3765442,Trap Setup,3082,NA,NA,Yes,No,No,Yes,Yes,Yes,blood_lysis buffer,CSU_Funk Freezer_1_W_5,NA,NA,NA,NA,NA,10.42,31.49,25.18,9.49,115.61,47.24,NA,NA,139,NA,"left halux caught in aluminum band, so caught in mist-net to fix; gave him entire new set of bands (didn't have normal yellow so gave him 1FBD size)",KL
F10-076,ISSJ,ISSJ,1603-79263,ROW,AR,"ROW,AR",M,ASY,10/17/2010,2010,SZ FS,Oak,Pelican,3334.841038,C-O,246932,3765652,Trap Setup,3166,NA,NA,Yes,No,No,Yes,Yes,No,blood_lysis buffer,CSU_Funk Freezer_1_W_5,NA,NA,NA,NA,NA,10.67,34.06,25.27,9.42,119.48,46.1,NA,NA,139,NA,CAUGHT IN MIST-NET; OW/AR WHEN CAUGHT (REBANDED HIM WITH ORIGINAL COMBO ROW/AR); BARE PATCH ABOVE RIGHT EYE,KL
F10-077,ISSJ,ISSJ,1603-79304,YUG,AR,"YUG,AR",M,ASY,10/17/2010,2010,SZ FS,Oak,Pelican,3334.841038,C-O,246932,3765652,Trap Setup,3166,NA,NA,Yes,Yes,Yes,Yes,Yes,No,blood_lysis buffer,CSU_Funk Freezer_1_W_5,NA,NA,NA,NA,NA,10.42,35.37,27.21,9.56,123.39,47.01,NA,NA,141.5,NA,CAUGHT IN MIST-NET,KL
F10-078,ISSJ,ISSJ,1363-74539,GBO,AR,"GBO,AR",M,SY,10/17/2010,2010,SZ FS,Oak,Pelican,3334.841038,C-O,246932,3765652,Trap Setup,3166,NA,NA,Yes,Yes,Yes,Yes,Yes,No,blood_lysis buffer,CSU_Funk Freezer_1_W_5,NA,NA,NA,NA,NA,10.24,35.33,26.32,9.64,119.5,46.58,NA,NA,135.5,NA,CAUGHT IN MIST-NET,KL
F10-086,ISSJ,ISSJ,1583-92742,PWU,AR,"PWU,AR",?,AHY,10/20/2010,2010,SZ FS,Oak,Pelican,2948.832875,C-O,247394,3765702,Trap Setup,2779,NA,NA,Yes,Yes,Yes,Yes,Yes,Yes,blood_lysis buffer,CSU_Funk Freezer_1_W_6,NA,NA,NA,NA,NA,11,34.09,24.44,9.6,126.82,47.19,NA,NA,135.5,NA,NA,KL
F10-087,ISSJ,ISSJ,1783-24648,GYK,AR,"GYK,AR",M,AHY,10/20/2010,2010,SZ FS,Oak,Pelican,2948.832875,C-O,247394,3765702,Trap Setup,2779,NA,NA,Yes,Yes,Yes,Yes,Yes,Yes,blood_lysis buffer,CSU_Funk Freezer_1_W_6,NA,NA,NA,NA,NA,10.09,34.46,25.76,9.81,123.24,47.12,NA,NA,139,NA,LARGE BARE PATCH NEXT TO RIGHT EYE,KL
F11-163,ISSJ,ISSJ,1583-92727,GWB,AR,"GWB,AR",?,SY,12/6/2011,2011,SZ FS,Oak,Pelican,3113.72649,C-O,247955,3765030,Trap Setup,2950,NA,NA,Yes,No,No,Yes,Yes,No,blood_lysis buffer,CSU_Funk Freezer_1_W_11,NA,NA,NA,NA,NA,10.21,32.35,24.49,8.87,123.77,46.42,NA,NA,138,158,MIST NET,KL
F11-164,ISSJ,ISSJ,1363-74544,RG,AO,"RG,AO",M,ASY,12/6/2011,2011,SZ FS,Oak,Pelican,3113.72649,C-O,247955,3765030,Trap Setup,2950,NA,NA,Yes,No,No,Yes,Yes,No,blood_lysis buffer,CSU_Funk Freezer_1_W_11,NA,NA,NA,NA,NA,10.05,34.13,25.96,9.52,122.14,46.69,NA,NA,136,149,MIST NET; ORANGE MITES ON CLOACA; REPLACED RED BAND,KL
F09-023,ISSJ,ISSJ,1363-74550,BPP,AR,"BPP,AR",M,AHY,9/20/2009,2009,SZ Off-plot,Oak,Pelican,3422.841126,C-O,252748,3764058,Trap Setup,3423,NA,NA,Yes,Yes,Yes,Yes,Yes,NA,blood_lysis buffer,CSU_Funk Freezer_1_W_2,NA,NA,NA,NA,NA,10.95,33.16,24.12,10.46,123.9,47.99,48.19,NA,141,NA,WINDY SO WEIGHT TO 0.1G. FLOATER,KL
F09-024,ISSJ,ISSJ,1603-79319,KPU,AR,"KPU,AR",?,AHY,9/20/2009,2009,SZ Off-plot,Oak,Pelican,3422.841126,C-O,252748,3764058,Trap Setup,3423,NA,NA,Yes,Yes,Yes,Yes,Yes,NA,blood_lysis buffer,CSU_Funk Freezer_1_W_2,NA,NA,NA,NA,NA,10.41,32.16,24.06,9.51,126.2,47.65,47.66,NA,136.5,NA,WINDY SO WEIGHT TO 0.1G. FLOATER,KL
F09-082,ISSJ,ISSJ,1363-74573,OYB,AG,"OYB,AG",M,AHY,10/22/2009,2009,SZ Off-plot,Oak,Pelican,858.0300286,C-O,251670,3766389,Trap Setup,858,NA,NA,Yes,Yes,Yes,Yes,Yes,Yes,blood_lysis buffer,CSU_Funk Freezer_1_W_3,NA,NA,NA,NA,NA,10.27,33.41,24.74,9,121.33,47.14,47.21,NA,139.5,NA,NA,KL
F10-013,ISSJ,ISSJ,1783-24618,GWO,AG,"GWO,AG",?,AHY,9/26/2010,2010,SZ FS,Oak,Pelican,566.3707035,C-O,252201,3767332,Trap Setup,566,NA,NA,Yes,No,No,Yes,Yes,No,blood_lysis buffer,CSU_Funk Freezer_1_W_5,NA,NA,NA,NA,NA,10.81,35.68,25.87,9.83,123.33,46.88,NA,NA,139.5,NA,NA,KL
F10-138,ISSJ,ISSJ,1603-79236,RRP,AG,"RRP,AG",M,ASY,11/13/2010,2010,SZ Off-plot,Oak,Pelican,625.4772194,C-O,252266,3767386,Trap Setup,625,NA,NA,Yes,No,No,Yes,Yes,Yes,blood_lysis buffer,CSU_Funk Freezer_1_W_6,NA,NA,NA,NA,NA,10.41,35.53,27.59,9.62,124.54,46.7,NA,NA,136.5,154.5,GAVE HIM NEW GREEN BAND; SMALL BARE PATCH BACK OF HEAD,KL
F10-014,ISSJ,ISSJ,1783-24619,UOP,AG,"UOP,AG",M,AHY,9/26/2010,2010,SZ FS,Oak,Pelican,580.7723434,C-O,252217,3767342,Trap Setup,581,NA,NA,Yes,No,No,Yes,Yes,No,blood_lysis buffer,CSU_Funk Freezer_1_W_5,NA,NA,NA,NA,NA,10.81,35.91,26.84,9.77,125.4,46.85,47.2,NA,138.5,NA,bare patch on back of head,KL
F11-087,ISSJ,ISSJ,1783-24864,KGR,AU,"KGR,AU",?,AHY,10/17/2011,2011,SZ Off-plot,Oak,Pelican,2095.40391,C-O,252234,3765282,Trap Setup,2095,NA,NA,Yes,No,No,Yes,Yes,Yes,blood_lysis buffer,CSU_Funk Freezer_1_W_11,NA,NA,NA,NA,NA,9.81,33.13,24.64,8.82,114.9,46.32,NA,NA,137,152.5,BOW NET; APPEARED TO BE TERRITORIAL MALE BUT NOT 100% POSITIVE,KL
F11-118,ISSJ,ISSJ,1783-24881,KOP,AR,"KOP,AR",?,AHY,11/13/2011,2011,SZ Off-plot,Oak,Pelican,3240.399724,C-O,251656,3763971,Trap Setup,3240,NA,NA,Yes,No,No,Yes,Yes,Yes,blood_lysis buffer,CSU_Funk Freezer_1_W_11,NA,NA,NA,NA,NA,10.67,32.33,22.72,8.49,120.64,44.14,NA,NA,136,152,MIST NET,KL
F11-133,ISSJ,ISSJ,1783-24885,RYP,AG,"RYP,AG",M,AHY,11/19/2011,2011,SZ Off-plot,Oak,Pelican,558.7829968,C-O,252193,3767330,Trap Setup,559,NA,NA,Yes,No,No,Yes,Yes,Yes,blood_lysis buffer,CSU_Funk Freezer_1_W_11,NA,NA,NA,NA,NA,10.03,33.36,25.4,8.99,118.48,46.79,NA,NA,137,156,NA,KL
F09-010,ISSJ,ISSJ,1603-79310,RPK,AY,"RPK,AY",M,AHY,9/13/2009,2009,SZ CPC,Oak,Pelican,5343.795449,C-O,248497.37,3762289.11,Estimate,5122,NA,NA,Yes,Yes,Yes,Yes,Yes,NA,blood_lysis buffer,CSU_Funk Freezer_1_W_2,NA,NA,NA,NA,NA,NA,NA,NA,NA,113.99,NA,NA,NA,138.5,NA,CALIPERS NOT WORKING BECAUSE OF MIST,KL
F09-115,ISSJ,ISSJ,1363-74586,BBG,AY,"BBG,AY",M,AHY,11/5/2009,2009,SZ CPC,Oak,Pelican,4619.176788,C-O,249004.69,3762887.23,Estimate,4390,NA,NA,Yes,Yes,Yes,Yes,Yes,Yes,blood_lysis buffer,CSU_Funk Freezer_1_W_3,NA,NA,NA,NA,NA,10.29,34.32,24.72,9.9,112.92,46.79,46.74,NA,138,156,NA,KL
F09-027,ISSJ,ISSJ,1603-79322,BWK,AY,"BWK,AY",F,AHY,9/22/2009,2009,SZ CPC,Oak,Pelican,4914.870223,C-O,248899,3762610,Trap Setup,4686,NA,NA,Yes,No,No,Yes,Yes,NA,blood_lysis buffer,CSU_Funk Freezer_1_W_2,NA,NA,NA,NA,NA,10.56,33.35,24.43,9.12,116.45,46.56,46.62,NA,137,NA,CAUGHT WITH FLOATER GROUP,KL
F09-044,ISSJ,ISSJ,1363-74558,WUB,AY,"WUB,AY",M,AHY,9/29/2009,2009,SZ CPC,Oak,Pelican,4605.318512,C-O,248811.11,3762962.04,Estimate,4382,NA,NA,Yes,No,No,Yes,Yes,Yes,blood_lysis buffer,CSU_Funk Freezer_1_W_2,NA,NA,NA,NA,NA,10.41,32.69,24.11,8.91,117.17,47.09,47.11,NA,137.5,NA,NA,KL
F09-047,ISSJ,ISSJ,1583-92703,YKY,AY,"YKY,AY",M,AHY,9/29/2009,2009,SZ CPC,Oak,Pelican,4992.811447,C-O,248532.8939,3762649.632,Estimate,4774,NA,NA,Yes,Yes,Yes,Yes,Yes,Yes,blood_lysis buffer,CSU_Funk Freezer_1_W_2,NA,NA,NA,NA,NA,10.66,38.17,29.69,9.02,122.49,48.16,48.24,NA,142.5,NA,NA,KL
F10-162,ISSJ,ISSJ,1363-74558,WUB,AY,"WUB,AY",M,ASY,11/29/2010,2010,SZ CPC,Oak,Pelican,4722.536469,C-O,248704,3762875,Trap Setup,4501,NA,NA,NA,No,No,Yes,Yes,Yes,blood_lysis buffer,CSU_Funk Freezer_1_W_6,NA,NA,NA,NA,NA,10.23,33.06,23.76,9.08,120.12,46.5,NA,NA,135,151.5,MIST NET; BANDS LOOK GOOD,KL
F10-163,ISSJ,ISSJ,1603-78716,YGP,AY,"YGP,AY",M,AHY,11/29/2010,2010,SZ CPC,Oak,Pelican,4716.546614,C-O,248705,3762881,Trap Setup,4495,NA,NA,Yes,No,No,Yes,Yes,Yes,blood_lysis buffer,CSU_Funk Freezer_1_W_6,NA,NA,NA,NA,NA,10.08,33.26,23.4,8.84,118.42,46.44,NA,NA,134,151.5,MIST NET; BANDS LOOK GOOD; BARE PATCH ON BACK OF HEAD AND RIGHT SIDE OF FACE UNDER EYE,KL
F10-165,ISSJ,ISSJ,1363-74586,BBG,AY,"BBG,AY",M,ASY,11/29/2010,2010,SZ CPC,Oak,Pelican,4714.327553,C-O,248706,3762883,Trap Setup,4493,NA,NA,Yes,No,No,Yes,Yes,Yes,blood_lysis buffer,CSU_Funk Freezer_1_W_6,NA,NA,NA,NA,NA,10.15,32.94,24.38,9.41,120.34,46.16,NA,NA,135,153,MIST NET; BANDS LOOK GOOD; BARE PATCH ON HEAD,KL
F10-166,ISSJ,ISSJ,1783-24677,GYW,AY,"GYW,AY",M,ASY,11/29/2010,2010,SZ CPC,Oak,Pelican,4713.384878,C-O,248706,3762884,Trap Setup,4492,NA,NA,Yes,No,No,Yes,Yes,Yes,blood_lysis buffer,CSU_Funk Freezer_1_W_6,NA,NA,NA,NA,NA,10.29,34.09,25.33,9.37,126.23,47.71,NA,NA,136,156.5,MIST NET; REPLACED ALL BANDS (ORIGINAL ALUMINUM BENT WHEN TRYING TO TIGHTEN),KL
F10-031,ISSJ,ISSJ,1833-00615,YWO,AYO,"YWO,AYO",M,AHY,9/29/2010,2010,SZ Off-plot,Oak,Pelican,3460.673286,C-O,249327,3764000,Trap Setup,3232,NA,NA,Yes,Yes,Yes,Yes,Yes,Yes,blood_lysis buffer,CSU_Funk Freezer_1_W_5,NA,NA,NA,NA,NA,10.42,33.52,24.63,9.44,116.51,47.26,NA,NA,141.5,NA,NA,KL
F10-033,ISSJ,ISSJ,1583-92728,BGG,AY,"BGG,AY",M,AHY,9/29/2010,2010,SZ Off-plot,Oak,Pelican,3390.237253,C-O,249628,3764000,Trap Setup,3152,NA,NA,Yes,Yes,Yes,Yes,Yes,Yes,blood_lysis buffer,CSU_Funk Freezer_1_W_5,NA,NA,NA,NA,NA,10.4,32.35,24.66,9.29,121.06,46.58,NA,NA,135,NA,with YOY/AY (possibly a pair),KL
F10-065,ISSJ,ISSJ,1603-79161,BYB,AY,"BYB,AY",M,ASY,10/12/2010,2010,SZ CPC,Oak,Pelican,4653.18873,C-O,248900,3762883,Trap Setup,4427,NA,NA,Yes,Yes,Yes,Yes,Yes,Yes,blood_lysis buffer,CSU_Funk Freezer_1_W_5,NA,NA,NA,NA,NA,10.84,33.22,24.95,9.53,112.66,45.84,NA,NA,127.5,NA,VERY THIN BREAST MUSCLE; LOOKS LIKE SOMETHING WRONG WITH HIM (DISEASE?); LOOKS LIKE IN A HORRIBLE STATE OF MOLT BUT IS WORSE THAN A MONTH AGO AND DOESN'T SEEM TO BE MOLTING IN NEW FEATHERS IN LARGE PATCHES ON BODY (E.G. ON LEGS); SEE PHOTOS,KL
F10-066,ISSJ,ISSJ,1783-24641,OWG,AY,"OWG,AY",?,AHY,10/12/2010,2010,SZ CPC,Oak,Pelican,4650.917102,C-O,248898,3762886,Trap Setup,4424,NA,NA,Yes,Yes,Yes,Yes,Yes,Yes,blood_lysis buffer,CSU_Funk Freezer_1_W_5,NA,NA,NA,NA,NA,10.27,34.71,25.81,9.37,NA,46.88,NA,NA,138,NA,LARGE BARE PATCH BACK OF HEAD; FORGOT TO WEIGH,KL
F11-017,ISSJ,ISSJ,1783-24837,YYG,AY,"YYG,AY",?,AHY,9/24/2011,2011,SZ Off-plot,Oak,Pelican,3415.672848,C-O,249306,3764053,Trap Setup,3188,NA,NA,Yes,No,No,Yes,Yes,No,blood_lysis buffer,CSU_Funk Freezer_1_W_10,NA,NA,NA,NA,NA,10.29,34.46,26.5,8.66,126,47.36,NA,NA,140,159,PESOLA; MIST NET; NO PHOTO BECAUSE BATTERIES IN CAMERA DEAD,KL
F11-070,ISSJ,ISSJ,1703-64631,WUU,AU,"WUU,AU",M,AHY,10/13/2011,2011,SZ Off-plot,Pine,China,0,E-P,259568,3767031,Trap Setup,0,China,NA,Yes,No,No,Yes,Yes,Yes,blood_lysis buffer,CSU_Funk Freezer_1_W_10,NA,NA,NA,NA,NA,10.1,35.24,26.06,9.31,121.8,48.51,NA,NA,140,155,MIST NET; WITH UB FEMALE,KL
F09-132,ISSJ,ISSJ,1603-79117,GUG,AU,"GUG,AU",M,ASY,11/12/2009,2009,SZ Off-plot,Pine,China,166.7765647,E-P,257684,3765277,Trap Setup,167,China,NA,Yes,No,No,Yes,Yes,Yes,blood_lysis buffer,CSU_Funk Freezer_1_W_3,NA,NA,NA,NA,NA,10.27,34.49,26.89,9.43,118.2,46.68,46.73,NA,140,156.5,MEASURED TARSUS AND SHOULD BE A 3 BAND; BULGE IN LEFT LEG - LOOKS LIKE HE BROKE IT IN PAST,KL
F11-077,ISSJ,ISSJ,1783-24860,KWR,AU,"KWR,AU",M,AHY,10/14/2011,2011,SZ Off-plot,Pine,China,10.35370425,E-P,257716,3765493,Trap Setup,10,China,NA,Yes,No,No,Yes,Yes,Yes,blood_lysis buffer,CSU_Funk Freezer_1_W_10,NA,NA,NA,NA,NA,10.02,34.92,26.1,8.96,114.43,47.04,NA,NA,138,161,MIST NET,KL
F11-141,ISSJ,ISSJ,1783-24887,YUW,AU,"YUW,AU",M,ASY,11/27/2011,2011,SZ Off-plot,Pine,China,63.6519355,E-P,257627,3765500,Trap Setup,64,NA,NA,Yes,No,No,Yes,Yes,Yes,blood_lysis buffer,CSU_Funk Freezer_1_W_11,NA,NA,NA,NA,NA,9.94,34.8,26.94,9.01,122.78,47.67,NA,NA,138.5,154,"ORIGINALLY BANDED YUW/AUB; REPLACED ALL BANDS, INCLUDING ALUMINUM BECAUSE IT WAS TOO SMALL FOR HIM; OLD WHITE WAS ""CREAMY""; DID NOT GIVE HIM THE BLACK ""VACCINATION BAND"" ON RIGHT LEG SO COMBO NOW YUW/AU; MIST NET; OLD BAND NUMBER 1603-79216",KL
F09-069,ISSJ,ISSJ,1583-92708,GBB,AU,"GBB,AU",?,AHY,10/12/2009,2009,SZ Off-plot,Pine,China,0,E-P,258153,3765368,Trap Setup,0,China,NA,Yes,No,No,Yes,Yes,Yes,blood_lysis buffer,CSU_Funk Freezer_1_W_2,NA,NA,NA,NA,NA,10.41,33.87,25.24,9.22,119.62,48.24,48.48,NA,139.5,NA,NA,KL
F09-086,ISSJ,ISSJ,1363-74576,WBW,AU,"WBW,AU",?,AHY,10/23/2009,2009,SZ Off-plot,Pine,China,42.29753878,E-P,258476,3765271,Trap Setup,42,China,NA,Yes,Yes,Yes,Yes,Yes,Yes,blood_lysis buffer,CSU_Funk Freezer_1_W_3,NA,NA,NA,NA,NA,10.35,34.37,26.4,9.19,117.88,47.3,47.34,NA,140,NA,NA,KL
F09-138,ISSJ,ISSJ,1363-74595,GKO,AU,"GKO,AU",M,AHY,11/14/2009,2009,SZ Off-plot,Pine,China,242.0649642,E-P,259759,3764268,Trap Setup,242,China,NA,Yes,No,No,Yes,Yes,Yes,blood_lysis buffer,CSU_Funk Freezer_1_W_3,NA,NA,NA,NA,NA,10.69,34.98,25.65,9.53,124.89,48.9,48.76,NA,141,156,FEMALE RATTLED AT HIM,KL
F09-139,ISSJ,ISSJ,1583-92721,OBG,AU,"OBG,AU",M,AHY,11/14/2009,2009,SZ Off-plot,Pine,China,260.4559977,E-P,259618,3764249,Trap Setup,260,Christie,NA,Yes,No,No,Yes,Yes,Yes,blood_lysis buffer,CSU_Funk Freezer_1_W_3,NA,NA,NA,NA,NA,10.32,35.58,27.09,10.03,119.22,48.32,48.66,NA,141,158.5,NA,KL
F09-141,ISSJ,ISSJ,1363-74596,BYU,AU,"BYU,AU",?,AHY,11/14/2009,2009,SZ Off-plot,Pine,China,262.3970884,E-P,259618,3764247,Trap Setup,262,China,NA,Yes,No,No,Yes,Yes,NA,blood_lysis buffer,CSU_Funk Freezer_1_W_3,NA,NA,NA,NA,NA,10.62,36.12,27.65,9.85,116.17,47.83,47.69,NA,137.5,153,MAY BE GKO'S FEMALE; YUR CHASED THIS BIRD INTENSELY; USED SMALL COLOUR BANDS,KL
F11-067,ISSJ,ISSJ,1783-24854,KGB,AW,"KGB,AW",?,AHY,10/9/2011,2011,SZ Off-plot,Pine,Christie,0,W-P,238535,3767679,Trap Setup,0,Christie,NA,Yes,No,No,Yes,Yes,Yes,blood_lysis buffer,CSU_Funk Freezer_1_W_10,NA,NA,NA,NA,NA,10.3,35.08,26.32,8.72,118.92,47.18,NA,NA,136.5,152,NA,KL
F11-122,ISSJ,ISSJ,1783-24884,KRK,AW,"KRK,AW",?,AHY,11/16/2011,2011,SZ Off-plot,Pine,Christie,60.05276268,W-P,238664,3767651,Trap Setup,60,Christie,NA,Yes,No,No,Yes,Yes,No,blood_lysis buffer,CSU_Funk Freezer_1_W_11,NA,NA,NA,NA,NA,10.3,35.82,26.75,9.06,117.2,47.55,NA,NA,138.5,159.5,MIST NET,KL
F09-035,ISSJ,ISSJ,1603-79328,PBO,AW,"PBO,AW",?,SY,9/26/2009,2009,SZ Off-plot,Pine,Christie,0,W-P,240809,3767509,Trap Setup,0,Christie,NA,Yes,No,No,Yes,Yes,NA,blood_lysis buffer,CSU_Funk Freezer_1_W_2,NA,NA,NA,NA,NA,9.78,32.54,24.28,9.2,111.62,45.89,45.93,NA,133.5,NA,TAIL FEATHERS LOOK OLD; NEW TAIL FEATHER MOLTING IN IS TRUNCATE,KL
F09-064,ISSJ,ISSJ,1583-92709,PBU,AW,"PBU,AW",?,AHY,10/8/2009,2009,SZ Off-plot,Pine,Christie,0,W-P,240883,3767535,Trap Setup,0,Christie,NA,Yes,No,No,Yes,Yes,NA,blood_lysis buffer,CSU_Funk Freezer_1_W_2,NA,NA,NA,NA,NA,10.36,34.57,25.57,9.15,116.23,47.24,47.13,NA,138,NA,NA,KL
F09-065,ISSJ,ISSJ,1363-74566,GUK,AW,"GUK,AW",M,AHY,10/8/2009,2009,SZ Off-plot,Pine,Christie,0,W-P,240880,3767533,Trap Setup,0,Christie,NA,Yes,No,No,Yes,Yes,NA,blood_lysis buffer,CSU_Funk Freezer_1_W_2,NA,NA,NA,NA,NA,10.4,35.59,27.72,9.6,119.06,47.04,47.2,NA,135.5,NA,NA,KL
F10-053,ISSJ,ISSJ,1583-92734,GWP,AW,"GWP,AW",?,AHY,10/8/2010,2010,SZ Off-plot,Pine,Christie,0,W-P,240506,3767567,Trap Setup,0,Christie,NA,Yes,No,No,Yes,Yes,No,blood_lysis buffer,CSU_Funk Freezer_1_W_5,NA,NA,NA,NA,NA,10.39,35.39,26.86,9.54,113.43,46.88,NA,NA,136,NA,PROBABLY TERRITORIAL MALE,KL
F11-060,ISSJ,ISSJ,1603-78795,PKU,AW,"PKU,AW",?,AHY,10/7/2011,2011,SZ Off-plot,Pine,Christie,9.594364821,W-P,240306,3767574,Trap Setup,10,Christie,NA,Yes,No,No,Yes,Yes,Yes,blood_lysis buffer,CSU_Funk Freezer_1_W_10,NA,NA,NA,NA,NA,10.37,35.55,26.54,9.55,124.88,48.41,NA,NA,139.5,160,MIST NET,KL
F11-061,ISSJ,ISSJ,1783-24849,URW,AW,"URW,AW",?,AHY,10/7/2011,2011,SZ Off-plot,Pine,Christie,18.17282311,W-P,240301,3767581,Trap Setup,18,Christie,NA,Yes,No,No,Yes,Yes,Yes,blood_lysis buffer,CSU_Funk Freezer_1_W_10,NA,NA,NA,NA,NA,10.45,35.03,26.7,9.24,120.97,46.85,NA,NA,138.5,156,MIST NET,KL
F09-108,ISSJ,ISSJ,1363-74585,PWW,AW,"PWW,AW",?,AHY,11/2/2009,2009,SZ Off-plot,Pine,Christie,0,W-P,240813,3767404,Trap Setup,0,Christie,NA,Yes,No,No,Yes,Yes,NA,blood_lysis buffer,CSU_Funk Freezer_1_W_3,NA,NA,NA,NA,NA,10.72,35.62,26.61,9.84,126.64,48.19,48.41,NA,140.5,149,was consistently caching on opposite slope in pine,KL
F09-028,ISSJ,ISSJ,1363-74551,WUR,AW,"WUR,AW",?,AHY,9/23/2009,2009,SZ Off-plot,Pine,Christie,0,W-P,240872,3767410,Trap Setup,0,Christie,NA,Yes,Yes,Yes,Yes,Yes,NA,blood_lysis buffer,CSU_Funk Freezer_1_W_2,NA,NA,NA,NA,NA,10.85,33.87,25.56,9.48,117.3,45.88,46.16,NA,140,NA,finished molt; windy so weight to 0.1g,KL
F11-027,ISSJ,ISSJ,1793-17861,RPY,AW,"RPY,AW",M,AHY,9/27/2011,2011,SZ Off-plot,Pine,Christie,0,W-P,240220,3766803,Trap Setup,0,Christie,NA,Yes,No,No,Yes,Yes,Yes,blood_lysis buffer,CSU_Funk Freezer_1_W_10,NA,NA,NA,NA,NA,10,33.36,25.58,9.12,115.17,45.56,NA,NA,138,158,NA,KL
F11-100,ISSJ,ISSJ,1783-24871,KGG,AW,"KGG,AW",M,AHY,10/28/2011,2011,SZ SAU,Pine,Christie,0,W-P,240215,3766811,Trap Setup,0,Christie,NA,Yes,No,No,Yes,Yes,Yes,blood_lysis buffer,CSU_Funk Freezer_1_W_11,NA,NA,NA,NA,NA,9.97,35.14,26.99,8.86,120.59,47.02,NA,NA,140.5,153.5,MISSING RIGHT TOE ON RIGHT FOOT; DIDN'T COLLECT TAIL FEATHER BECAUSE MOLTING,KL
F09-021,ISSJ,ISSJ,1363-74549,OWY,AW,"OWY,AW",M,AHY,9/19/2009,2009,SZ SAU,Pine,Christie,21.94992334,W-P,241664.5,3767379.7,Location,22,Christie,NA,Yes,Yes,Yes,Yes,Yes,Yes,blood_lysis buffer,CSU_Funk Freezer_1_W_2,NA,NA,NA,NA,NA,11.1,33.3,24.65,9.61,117.21,46.7,46.97,NA,136,NA,EDGE OF BISHOP PINES,KL
F11-058,ISSJ,ISSJ,1703-64629,POP,AW,"POP,AW",M,AHY,10/7/2011,2011,SZ SAU,Pine,Christie,87.77225579,W-P,241426,3767443,Trap Setup,88,Christie,NA,Yes,No,No,Yes,Yes,Yes,blood_lysis buffer,CSU_Funk Freezer_1_W_10,NA,NA,NA,NA,NA,10.16,35.67,27.11,9.36,121.73,47.66,NA,NA,137.5,161,WITH UB FEMALE WHO WAS RECORDED IN SEPT; THIS PAIR HAD BROWN-HEAD OFFSPRING IN JUNE,KL
F11-059,ISSJ,ISSJ,1783-24848,UPR,AW,"UPR,AW",F,AHY,10/7/2011,2011,SZ SAU,Pine,Christie,88.85670784,W-P,241424,3767444,Trap Setup,89,Christie,NA,Yes,No,No,Yes,Yes,Yes,blood_lysis buffer,CSU_Funk Freezer_1_W_10,NA,NA,NA,NA,NA,10.14,35.03,25.41,8.94,119.31,47.63,NA,NA,136.5,159,SUSPECT HIM TO BE NEIGHBOURING MALE,KL
F10-036,ISSJ,ISSJ,1783-24630,WBO,AW,"WBO,AW",M,AHY,9/30/2010,2010,SZ SAU,Pine,Christie,6.391099827,W-P,241685,3767330,Trap Setup,6,Christie,NA,Yes,Yes,Yes,Yes,Yes,Yes,blood_lysis buffer,CSU_Funk Freezer_1_W_5,NA,NA,NA,NA,NA,10.38,34.91,26.18,9.76,113.72,46.29,NA,NA,134.5,NA,caught in mist-net; all feathers new,KL
F10-039,ISSJ,ISSJ,1583-92730,OGB,AW,"OGB,AW",F,AHY,9/30/2010,2010,SZ CEN,Pine,Christie,6.391099827,W-P,241685,3767330,Trap Setup,6,Christie,NA,Yes,Yes,Yes,Yes,Yes,Yes,blood_lysis buffer,CSU_Funk Freezer_1_W_5,NA,NA,NA,NA,NA,10.65,35.55,26.87,9.26,122.13,47.37,NA,NA,139,NA,caught in mist-net,KL
F10-054,ISSJ,ISSJ,1583-92735,BUP,AW,"BUP,AW",?,AHY,10/9/2010,2010,SZ Off-plot,Pine,Christie,18.38066014,W-P,239634,3767245,Trap Setup,18,Christie,NA,Yes,No,No,Yes,Yes,Yes,blood_lysis buffer,CSU_Funk Freezer_1_W_5,NA,NA,NA,NA,NA,10.52,35.46,26.36,9.26,116.89,47.21,NA,NA,138.5,NA,caught in mist-net; BILL BROKEN AT TIP,KL
F09-056,ISSJ,ISSJ,1363-74562,PUK,AW,"PUK,AW",?,AHY,10/5/2009,2009,SZ SAU,Pine,Christie,0,W-P,241683,3767144,Trap Setup,0,Christie,NA,Yes,Yes,Yes,Yes,Yes,Yes,blood_lysis buffer,CSU_Funk Freezer_1_W_2,NA,NA,NA,NA,NA,10.16,34.05,25.33,9.31,109.92,46.4,46.36,NA,137.5,NA,NA,KL
F10-084,ISSJ,ISSJ,1783-24646,YKO,AW,"YKO,AW",?,AHY,10/19/2010,2010,SZ Off-plot,Pine,Christie,11.73557373,W-P,241624,3767097,Trap Setup,12,Christie,NA,Yes,Yes,Yes,Yes,Yes,Yes,blood_lysis buffer,CSU_Funk Freezer_1_W_6,NA,NA,NA,NA,NA,10.47,35.57,27,9.7,122.62,47.18,NA,NA,138,NA,NA,KL
F10-085,ISSJ,ISSJ,1783-24647,OYP,AW,"OYP,AW",?,AHY,10/19/2010,2010,SZ SAU,Pine,Christie,12.39012076,W-P,241623,3767097,Trap Setup,12,Christie,NA,Yes,Yes,Yes,Yes,Yes,Yes,blood_lysis buffer,CSU_Funk Freezer_1_W_6,NA,NA,NA,NA,NA,10.27,34.99,26.06,9.13,119.22,47.58,NA,NA,135,NA,NA,KL
F10-057,ISSJ,ISSJ,1583-92737,YBR,AW,"YBR,AW",?,AHY,10/9/2010,2010,SZ Off-plot,Pine,Christie,0,W-P,239680,3767243,Trap Setup,0,Christie,NA,Yes,No,No,Yes,Yes,No,blood_lysis buffer,CSU_Funk Freezer_1_W_5,NA,NA,NA,NA,NA,10.34,34.4,25.69,9.38,115.09,44.04,NA,NA,135.5,NA,caught in mist-net,KL
F09-112,ISSJ,ISSJ,1583-92716,YKR,AW,"YKR,AW",M,AHY,11/4/2009,2009,SZ CEN,Pine,Christie,12.6307,W-P,241781,3766980,Trap Setup,13,Christie,NA,Yes,No,No,Yes,Yes,Yes,blood_lysis buffer,CSU_Funk Freezer_1_W_3,NA,NA,NA,NA,NA,10.43,36.42,26.83,10.07,123.52,47.71,47.78,NA,139,157,NA,KL
F09-076,ISSJ,ISSJ,1833-00691,UOK,AW,"UOK,AW",M,AHY,10/17/2009,2009,SZ BV,Pine,Christie,10.14335796,W-P,241692,3767106,Trap Setup,10,Christie,NA,Yes,Yes,Yes,Yes,Yes,Yes,blood_lysis buffer,CSU_Funk Freezer_1_W_2,NA,NA,NA,NA,NA,10.08,35.01,24.88,9.34,114.9,47.46,47.48,NA,133.5,NA,TAIL MARGINALLY TAPERED; WINDY SO WEIGHT TO 0.1 G,KL
F11-097,ISSJ,ISSJ,1783-24870,ORY,AW,"ORY,AW",M,AHY,10/28/2011,2011,SZ Off-plot,Pine,Christie,0,W-P,240387,3766627,Trap Setup,0,Christie,NA,Yes,No,No,Yes,Yes,Yes,blood_lysis buffer,CSU_Funk Freezer_1_W_11,NA,NA,NA,NA,NA,9.95,33.64,25.33,8.89,115.02,46.34,NA,NA,138,157,NA,KL
F10-108,ISSJ,ISSJ,1583-92745,BGB,AG,"BGB,AG",M,AHY,11/1/2010,2010,SZ Off-plot,Pine,Pelican,0,C-P,250360,3768645,Trap Setup,0,Pelican,NA,Yes,No,No,Yes,Yes,No,blood_lysis buffer,CSU_Funk Freezer_1_W_6,NA,NA,NA,NA,NA,10.61,35.5,26.93,9.12,117.46,46.68,NA,NA,138,154,NA,KL
F11-169,ISSJ,ISSJ,1783-24898,PRO,AG,"PRO,AG",?,AHY,12/7/2011,2011,SZ Off-plot,Pine,Pelican,68.87847887,C-P,250568,3768740,Trap Setup,69,Pelican,NA,Yes,No,No,Yes,Yes,No,blood_lysis buffer,CSU_Funk Freezer_1_W_11,NA,NA,NA,NA,NA,9.98,34.94,26.51,8.81,121,47.23,NA,NA,136,154,PESOLA,KL
F11-105,ISSJ,ISSJ,1783-24875,OOP,AG,"OOP,AG",M,AHY,10/29/2011,2011,SZ Off-plot,Pine,Pelican,17.06071798,C-P,250638,3768583,Trap Setup,17,Pelican,NA,Yes,No,No,Yes,Yes,No,blood_lysis buffer,CSU_Funk Freezer_1_W_11,NA,NA,NA,NA,NA,9.91,37.69,29.1,9.2,NA,46.69,NA,NA,138,156.5,FORGOT MASS,KL
F10-015,ISSJ,ISSJ,1783-24620,GKG,AG,"GKG,AG",M,AHY,9/26/2010,2010,SZ Off-plot,Pine,Pelican,255.6144206,C-P,250872,3768769,Trap Setup,256,Pelican,NA,Yes,No,No,Yes,Yes,No,blood_lysis buffer,CSU_Funk Freezer_1_W_5,NA,NA,NA,NA,NA,10.45,33.42,25.61,9.42,121.54,48.96,49.36,NA,137.5,NA,No tail feather taken; with female who rattled at him,KL
F11-102,ISSJ,ISSJ,1703-64638,WYO,AG,"WYO,AG",M,AHY,10/29/2011,2011,SZ Off-plot,Pine,Pelican,81.78793694,C-P,250783,3768571,Trap Setup,82,Pelican,NA,Yes,No,No,Yes,Yes,No,blood_lysis buffer,CSU_Funk Freezer_1_W_11,NA,NA,NA,NA,NA,10.26,36.22,27.6,9.2,122,47.18,NA,NA,141,160,PESOLA; WITH UB FEMALE; CAUGHT IN MIST NET; REMEMBERED PEANUTS FROM LAST YEAR,KL
F11-170,ISSJ,ISSJ,1783-24899,UGW,AG,"UGW,AG",?,AHY,12/7/2011,2011,SZ Off-plot,Pine,Pelican,0.374035876,C-P,251286,3768245,Trap Setup,0,Pelican,NA,Yes,No,No,Yes,Yes,No,blood_lysis buffer,CSU_Funk Freezer_1_W_11,NA,NA,NA,NA,NA,10.16,34.77,26.82,8.99,130,48.91,NA,NA,139.5,160,PESOLA; APPEARS TO BE TERRITORIAL MALE; CAUGHT IN MIST NET,KL
F10-111,ISSJ,ISSJ,1603-78757,POU,AG,"POU,AG",?,AHY,11/4/2010,2010,SZ Off-plot,Pine,Pelican,0,C-P,251544,3767876,Trap Setup,0,Pelican,NA,Yes,No,No,Yes,Yes,No,blood_lysis buffer,CSU_Funk Freezer_1_W_6,NA,NA,NA,NA,NA,10.01,34.43,25.68,9.3,109.9,45.35,NA,NA,135.5,151.5,NA,KL
